[
  {
    "id": "5d66ab2cce7d499a907385f1",
    "name": "Cook Le",
    "gender": "male"
  },
  {
    "id": "5d66ab2c8fe8ae7a39750135",
    "name": "Chandler Phillips",
    "gender": "male"
  },
  {
    "id": "5d66ab2c050c09cf83f6468c",
    "name": "Marla Shannon",
    "gender": "female"
  },
  {
    "id": "5d66ab2c1e8348439e1e617e",
    "name": "Britt Pennington",
    "gender": "male"
  },
  {
    "id": "5d66ab2c4123764ca5409e23",
    "name": "Sophia Lindsey",
    "gender": "female"
  },
  {
    "id": "5d66ab2cff5b8f77ca0167c8",
    "name": "Kayla Padilla",
    "gender": "female"
  },
  {
    "id": "5d66ab2c5056fd2ffec3a17f",
    "name": "Lauri Chambers",
    "gender": "female"
  },
  {
    "id": "5d66ab2c8264161e9cb083a3",
    "name": "Karina Sharp",
    "gender": "female"
  },
  {
    "id": "5d66ab2c9f60e0e89c7dc577",
    "name": "Fanny Callahan",
    "gender": "female"
  },
  {
    "id": "5d66ab2c2da880c0bc13387b",
    "name": "Mcgee Valencia",
    "gender": "male"
  },
  {
    "id": "5d66ab2ce506e2c60960b822",
    "name": "Tracey Freeman",
    "gender": "female"
  },
  {
    "id": "5d66ab2cf647dcfa4b65eb0b",
    "name": "Julie Bradford",
    "gender": "female"
  },
  {
    "id": "5d66ab2c12b48223a30b71e3",
    "name": "Harriett Leonard",
    "gender": "female"
  },
  {
    "id": "5d66ab2cf489d357903d73ca",
    "name": "Parrish Shelton",
    "gender": "male"
  },
  {
    "id": "5d66ab2c9be2a9fcc3de547e",
    "name": "Burris Jordan",
    "gender": "male"
  },
  {
    "id": "5d66ab2c5b7e8e4fad562e55",
    "name": "Vonda Woodward",
    "gender": "female"
  },
  {
    "id": "5d66ab2c1964af149084b790",
    "name": "Blackwell Meyers",
    "gender": "male"
  },
  {
    "id": "5d66ab2c1c7f391bf7d3d237",
    "name": "William Porter",
    "gender": "male"
  },
  {
    "id": "5d66ab2c7d00eaf54701cb29",
    "name": "Renee Raymond",
    "gender": "female"
  },
  {
    "id": "5d66ab2c7edb6d249c64c3a3",
    "name": "Lowe Richardson",
    "gender": "male"
  },
  {
    "id": "5d66ab2c8d853ecab5e8165b",
    "name": "Reese Mckee",
    "gender": "male"
  },
  {
    "id": "5d66ab2ca9deed5f94b8afb9",
    "name": "Marsh Carey",
    "gender": "male"
  },
  {
    "id": "5d66ab2c84ac58d7ef28a3fe",
    "name": "Fuentes Solis",
    "gender": "male"
  },
  {
    "id": "5d66ab2c971c761b4b60205e",
    "name": "Massey Mack",
    "gender": "male"
  },
  {
    "id": "5d66ab2c78b2e50b3e77a290",
    "name": "Miranda Page",
    "gender": "male"
  }
]